INSERT INTO Users (user_id, name, department, region) VALUES (1, 'User_1', 'Sales', 'West');
INSERT INTO Users (user_id, name, department, region) VALUES (2, 'User_2', 'Compliance', 'East');
INSERT INTO Users (user_id, name, department, region) VALUES (3, 'User_3', 'IT', 'South');
INSERT INTO Users (user_id, name, department, region) VALUES (4, 'User_4', 'Compliance', 'South');
INSERT INTO Users (user_id, name, department, region) VALUES (5, 'User_5', 'Compliance', 'East');
INSERT INTO Users (user_id, name, department, region) VALUES (6, 'User_6', 'HR', 'South');
INSERT INTO Users (user_id, name, department, region) VALUES (7, 'User_7', 'IT', 'East');
INSERT INTO Users (user_id, name, department, region) VALUES (8, 'User_8', 'IT', 'West');
INSERT INTO Users (user_id, name, department, region) VALUES (9, 'User_9', 'IT', 'East');
INSERT INTO Users (user_id, name, department, region) VALUES (10, 'User_10', 'Compliance', 'West');
INSERT INTO Users (user_id, name, department, region) VALUES (11, 'User_11', 'Sales', 'West');
INSERT INTO Users (user_id, name, department, region) VALUES (12, 'User_12', 'IT', 'North');
INSERT INTO Users (user_id, name, department, region) VALUES (13, 'User_13', 'Compliance', 'East');
INSERT INTO Users (user_id, name, department, region) VALUES (14, 'User_14', 'HR', 'North');
INSERT INTO Users (user_id, name, department, region) VALUES (15, 'User_15', 'Sales', 'East');
INSERT INTO Users (user_id, name, department, region) VALUES (16, 'User_16', 'HR', 'East');
INSERT INTO Users (user_id, name, department, region) VALUES (17, 'User_17', 'Sales', 'North');
INSERT INTO Users (user_id, name, department, region) VALUES (18, 'User_18', 'Compliance', 'North');
INSERT INTO Users (user_id, name, department, region) VALUES (19, 'User_19', 'Finance', 'East');
INSERT INTO Users (user_id, name, department, region) VALUES (20, 'User_20', 'Sales', 'South');
INSERT INTO Users (user_id, name, department, region) VALUES (21, 'User_21', 'HR', 'West');
INSERT INTO Users (user_id, name, department, region) VALUES (22, 'User_22', 'Compliance', 'North');
INSERT INTO Users (user_id, name, department, region) VALUES (23, 'User_23', 'Sales', 'West');
INSERT INTO Users (user_id, name, department, region) VALUES (24, 'User_24', 'Finance', 'South');
INSERT INTO Users (user_id, name, department, region) VALUES (25, 'User_25', 'Finance', 'South');
INSERT INTO Users (user_id, name, department, region) VALUES (26, 'User_26', 'IT', 'South');
INSERT INTO Users (user_id, name, department, region) VALUES (27, 'User_27', 'IT', 'North');
INSERT INTO Users (user_id, name, department, region) VALUES (28, 'User_28', 'HR', 'South');
INSERT INTO Users (user_id, name, department, region) VALUES (29, 'User_29', 'Sales', 'North');
INSERT INTO Users (user_id, name, department, region) VALUES (30, 'User_30', 'Sales', 'South');
INSERT INTO Systems (system_id, system_name, description) VALUES (1, 'Financial System', 'Handles financial transactions');
INSERT INTO Systems (system_id, system_name, description) VALUES (2, 'HR System', 'HR management system');
INSERT INTO Systems (system_id, system_name, description) VALUES (3, 'IT Admin', 'IT administration tools');
INSERT INTO Roles (role_id, role_name, access_level) VALUES (1, 'Administrator', 'High');
INSERT INTO Roles (role_id, role_name, access_level) VALUES (2, 'Manager', 'High');
INSERT INTO Roles (role_id, role_name, access_level) VALUES (3, 'Analyst', 'Medium');
INSERT INTO Roles (role_id, role_name, access_level) VALUES (4, 'Viewer', 'Low');
INSERT INTO Roles (role_id, role_name, access_level) VALUES (5, 'Auditor', 'High');
INSERT INTO UserRoles (user_id, role_id, system_id, assigned_date) VALUES (20, 3, 3, '2024-10-28');
INSERT INTO UserRoles (user_id, role_id, system_id, assigned_date) VALUES (28, 5, 2, '2024-06-29');
INSERT INTO UserRoles (user_id, role_id, system_id, assigned_date) VALUES (15, 3, 3, '2024-04-04');
INSERT INTO UserRoles (user_id, role_id, system_id, assigned_date) VALUES (28, 1, 3, '2024-04-08');
INSERT INTO UserRoles (user_id, role_id, system_id, assigned_date) VALUES (7, 5, 3, '2024-07-06');
INSERT INTO UserRoles (user_id, role_id, system_id, assigned_date) VALUES (12, 2, 3, '2024-04-25');
INSERT INTO UserRoles (user_id, role_id, system_id, assigned_date) VALUES (29, 3, 1, '2024-07-09');
INSERT INTO UserRoles (user_id, role_id, system_id, assigned_date) VALUES (8, 1, 1, '2024-09-09');
INSERT INTO UserRoles (user_id, role_id, system_id, assigned_date) VALUES (15, 2, 3, '2024-06-09');
INSERT INTO UserRoles (user_id, role_id, system_id, assigned_date) VALUES (3, 2, 2, '2024-09-12');
INSERT INTO UserRoles (user_id, role_id, system_id, assigned_date) VALUES (14, 4, 1, '2024-11-18');
INSERT INTO UserRoles (user_id, role_id, system_id, assigned_date) VALUES (17, 5, 3, '2024-05-07');
INSERT INTO UserRoles (user_id, role_id, system_id, assigned_date) VALUES (4, 3, 1, '2024-01-18');
INSERT INTO UserRoles (user_id, role_id, system_id, assigned_date) VALUES (18, 1, 1, '2024-10-07');
INSERT INTO UserRoles (user_id, role_id, system_id, assigned_date) VALUES (8, 4, 2, '2024-08-10');
INSERT INTO UserRoles (user_id, role_id, system_id, assigned_date) VALUES (4, 5, 3, '2024-02-23');
INSERT INTO UserRoles (user_id, role_id, system_id, assigned_date) VALUES (2, 4, 3, '2024-02-27');
INSERT INTO UserRoles (user_id, role_id, system_id, assigned_date) VALUES (30, 5, 2, '2024-11-18');
INSERT INTO UserRoles (user_id, role_id, system_id, assigned_date) VALUES (6, 5, 2, '2024-12-25');
INSERT INTO UserRoles (user_id, role_id, system_id, assigned_date) VALUES (22, 3, 3, '2024-06-22');
INSERT INTO UserRoles (user_id, role_id, system_id, assigned_date) VALUES (10, 5, 3, '2024-10-06');
INSERT INTO UserRoles (user_id, role_id, system_id, assigned_date) VALUES (4, 4, 2, '2024-04-23');
INSERT INTO UserRoles (user_id, role_id, system_id, assigned_date) VALUES (22, 5, 1, '2024-10-14');
INSERT INTO UserRoles (user_id, role_id, system_id, assigned_date) VALUES (29, 3, 1, '2024-12-07');
INSERT INTO UserRoles (user_id, role_id, system_id, assigned_date) VALUES (18, 3, 2, '2024-05-30');
INSERT INTO UserRoles (user_id, role_id, system_id, assigned_date) VALUES (26, 4, 1, '2024-05-06');
INSERT INTO UserRoles (user_id, role_id, system_id, assigned_date) VALUES (12, 2, 2, '2024-06-03');
INSERT INTO UserRoles (user_id, role_id, system_id, assigned_date) VALUES (2, 2, 1, '2024-09-29');
INSERT INTO UserRoles (user_id, role_id, system_id, assigned_date) VALUES (10, 5, 1, '2024-04-13');
INSERT INTO UserRoles (user_id, role_id, system_id, assigned_date) VALUES (30, 1, 3, '2024-10-25');
INSERT INTO UserRoles (user_id, role_id, system_id, assigned_date) VALUES (4, 5, 3, '2024-09-02');
INSERT INTO UserRoles (user_id, role_id, system_id, assigned_date) VALUES (14, 4, 1, '2024-06-24');
INSERT INTO UserRoles (user_id, role_id, system_id, assigned_date) VALUES (16, 4, 1, '2024-02-08');
INSERT INTO UserRoles (user_id, role_id, system_id, assigned_date) VALUES (15, 4, 3, '2024-06-18');
INSERT INTO UserRoles (user_id, role_id, system_id, assigned_date) VALUES (8, 4, 3, '2024-09-03');
INSERT INTO UserRoles (user_id, role_id, system_id, assigned_date) VALUES (14, 4, 3, '2024-01-26');
INSERT INTO UserRoles (user_id, role_id, system_id, assigned_date) VALUES (23, 3, 2, '2024-12-20');
INSERT INTO UserRoles (user_id, role_id, system_id, assigned_date) VALUES (28, 2, 1, '2024-11-01');
INSERT INTO UserRoles (user_id, role_id, system_id, assigned_date) VALUES (25, 4, 3, '2024-01-13');
INSERT INTO UserRoles (user_id, role_id, system_id, assigned_date) VALUES (30, 1, 1, '2024-11-11');
INSERT INTO UserRoles (user_id, role_id, system_id, assigned_date) VALUES (8, 1, 2, '2024-11-08');
INSERT INTO UserRoles (user_id, role_id, system_id, assigned_date) VALUES (21, 1, 2, '2024-02-05');
INSERT INTO UserRoles (user_id, role_id, system_id, assigned_date) VALUES (16, 1, 3, '2024-06-21');
INSERT INTO UserRoles (user_id, role_id, system_id, assigned_date) VALUES (13, 3, 2, '2024-01-20');
INSERT INTO UserRoles (user_id, role_id, system_id, assigned_date) VALUES (18, 1, 1, '2024-11-16');
INSERT INTO UserRoles (user_id, role_id, system_id, assigned_date) VALUES (15, 4, 3, '2024-09-20');
INSERT INTO UserRoles (user_id, role_id, system_id, assigned_date) VALUES (21, 5, 1, '2024-05-21');
INSERT INTO UserRoles (user_id, role_id, system_id, assigned_date) VALUES (24, 1, 1, '2024-05-22');
INSERT INTO UserRoles (user_id, role_id, system_id, assigned_date) VALUES (26, 3, 2, '2024-04-01');
INSERT INTO UserRoles (user_id, role_id, system_id, assigned_date) VALUES (25, 3, 2, '2024-12-19');
INSERT INTO UserRoles (user_id, role_id, system_id, assigned_date) VALUES (28, 1, 2, '2024-11-17');
INSERT INTO UserRoles (user_id, role_id, system_id, assigned_date) VALUES (28, 5, 2, '2024-10-14');
INSERT INTO UserRoles (user_id, role_id, system_id, assigned_date) VALUES (28, 1, 2, '2024-08-02');
INSERT INTO UserRoles (user_id, role_id, system_id, assigned_date) VALUES (13, 3, 3, '2024-12-07');
INSERT INTO UserRoles (user_id, role_id, system_id, assigned_date) VALUES (9, 2, 1, '2024-02-20');
INSERT INTO UserRoles (user_id, role_id, system_id, assigned_date) VALUES (29, 4, 1, '2024-06-01');
INSERT INTO UserRoles (user_id, role_id, system_id, assigned_date) VALUES (15, 3, 1, '2024-07-04');
INSERT INTO UserRoles (user_id, role_id, system_id, assigned_date) VALUES (13, 1, 1, '2024-03-03');
INSERT INTO UserRoles (user_id, role_id, system_id, assigned_date) VALUES (1, 4, 2, '2024-07-08');
INSERT INTO UserRoles (user_id, role_id, system_id, assigned_date) VALUES (25, 1, 1, '2024-05-04');
INSERT INTO UserRoles (user_id, role_id, system_id, assigned_date) VALUES (7, 1, 3, '2024-05-29');
INSERT INTO UserRoles (user_id, role_id, system_id, assigned_date) VALUES (9, 2, 3, '2024-11-09');
INSERT INTO UserRoles (user_id, role_id, system_id, assigned_date) VALUES (24, 4, 1, '2024-02-27');
INSERT INTO UserRoles (user_id, role_id, system_id, assigned_date) VALUES (1, 4, 1, '2024-12-07');
INSERT INTO UserRoles (user_id, role_id, system_id, assigned_date) VALUES (12, 2, 3, '2024-10-31');
INSERT INTO UserRoles (user_id, role_id, system_id, assigned_date) VALUES (8, 3, 3, '2024-06-28');
INSERT INTO UserRoles (user_id, role_id, system_id, assigned_date) VALUES (24, 1, 2, '2024-06-18');
INSERT INTO UserRoles (user_id, role_id, system_id, assigned_date) VALUES (11, 5, 3, '2024-11-21');
INSERT INTO UserRoles (user_id, role_id, system_id, assigned_date) VALUES (19, 1, 2, '2024-09-27');
INSERT INTO UserRoles (user_id, role_id, system_id, assigned_date) VALUES (17, 1, 2, '2024-02-23');
INSERT INTO UserRoles (user_id, role_id, system_id, assigned_date) VALUES (8, 3, 2, '2024-04-10');
INSERT INTO UserRoles (user_id, role_id, system_id, assigned_date) VALUES (3, 1, 2, '2024-09-20');
INSERT INTO UserRoles (user_id, role_id, system_id, assigned_date) VALUES (3, 2, 2, '2024-02-22');
INSERT INTO UserRoles (user_id, role_id, system_id, assigned_date) VALUES (1, 2, 1, '2024-02-29');
INSERT INTO UserRoles (user_id, role_id, system_id, assigned_date) VALUES (27, 4, 3, '2024-04-17');
INSERT INTO UserRoles (user_id, role_id, system_id, assigned_date) VALUES (5, 5, 2, '2024-01-05');
INSERT INTO UserRoles (user_id, role_id, system_id, assigned_date) VALUES (10, 1, 3, '2024-04-12');
INSERT INTO UserRoles (user_id, role_id, system_id, assigned_date) VALUES (7, 1, 3, '2024-07-14');
INSERT INTO UserRoles (user_id, role_id, system_id, assigned_date) VALUES (26, 3, 2, '2024-09-18');
INSERT INTO UserRoles (user_id, role_id, system_id, assigned_date) VALUES (9, 2, 1, '2024-12-30');
INSERT INTO UserRoles (user_id, role_id, system_id, assigned_date) VALUES (28, 5, 2, '2024-12-15');
INSERT INTO UserRoles (user_id, role_id, system_id, assigned_date) VALUES (7, 4, 1, '2024-02-16');
INSERT INTO UserRoles (user_id, role_id, system_id, assigned_date) VALUES (9, 2, 3, '2024-12-20');
INSERT INTO UserRoles (user_id, role_id, system_id, assigned_date) VALUES (8, 4, 1, '2024-11-06');
INSERT INTO UserRoles (user_id, role_id, system_id, assigned_date) VALUES (12, 3, 1, '2024-11-03');
INSERT INTO UserRoles (user_id, role_id, system_id, assigned_date) VALUES (2, 3, 1, '2024-05-23');
INSERT INTO UserRoles (user_id, role_id, system_id, assigned_date) VALUES (1, 1, 3, '2024-09-25');
INSERT INTO UserRoles (user_id, role_id, system_id, assigned_date) VALUES (16, 5, 3, '2024-05-03');
INSERT INTO UserRoles (user_id, role_id, system_id, assigned_date) VALUES (23, 4, 1, '2024-04-15');
INSERT INTO UserRoles (user_id, role_id, system_id, assigned_date) VALUES (23, 2, 1, '2024-06-06');
INSERT INTO UserRoles (user_id, role_id, system_id, assigned_date) VALUES (30, 3, 2, '2024-05-26');
INSERT INTO UserRoles (user_id, role_id, system_id, assigned_date) VALUES (24, 1, 1, '2024-05-24');
INSERT INTO UserRoles (user_id, role_id, system_id, assigned_date) VALUES (5, 1, 2, '2024-04-29');
INSERT INTO UserRoles (user_id, role_id, system_id, assigned_date) VALUES (3, 4, 1, '2024-11-14');
INSERT INTO UserRoles (user_id, role_id, system_id, assigned_date) VALUES (12, 3, 2, '2024-10-01');
INSERT INTO UserRoles (user_id, role_id, system_id, assigned_date) VALUES (8, 5, 3, '2024-04-01');
INSERT INTO UserRoles (user_id, role_id, system_id, assigned_date) VALUES (22, 3, 1, '2024-02-27');
INSERT INTO UserRoles (user_id, role_id, system_id, assigned_date) VALUES (27, 4, 1, '2024-12-11');
INSERT INTO UserRoles (user_id, role_id, system_id, assigned_date) VALUES (3, 4, 1, '2024-08-16');
INSERT INTO UserRoles (user_id, role_id, system_id, assigned_date) VALUES (1, 3, 1, '2024-04-26');
INSERT INTO SecurityMapping (user_id, allowed_region) VALUES (1, 'West');
INSERT INTO SecurityMapping (user_id, allowed_region) VALUES (2, 'East');
INSERT INTO SecurityMapping (user_id, allowed_region) VALUES (3, 'South');
INSERT INTO SecurityMapping (user_id, allowed_region) VALUES (4, 'South');
INSERT INTO SecurityMapping (user_id, allowed_region) VALUES (5, 'East');
INSERT INTO SecurityMapping (user_id, allowed_region) VALUES (6, 'South');
INSERT INTO SecurityMapping (user_id, allowed_region) VALUES (7, 'East');
INSERT INTO SecurityMapping (user_id, allowed_region) VALUES (8, 'West');
INSERT INTO SecurityMapping (user_id, allowed_region) VALUES (9, 'East');
INSERT INTO SecurityMapping (user_id, allowed_region) VALUES (10, 'West');
INSERT INTO SecurityMapping (user_id, allowed_region) VALUES (11, 'West');
INSERT INTO SecurityMapping (user_id, allowed_region) VALUES (12, 'North');
INSERT INTO SecurityMapping (user_id, allowed_region) VALUES (13, 'East');
INSERT INTO SecurityMapping (user_id, allowed_region) VALUES (14, 'North');
INSERT INTO SecurityMapping (user_id, allowed_region) VALUES (15, 'East');
INSERT INTO SecurityMapping (user_id, allowed_region) VALUES (16, 'East');
INSERT INTO SecurityMapping (user_id, allowed_region) VALUES (17, 'North');
INSERT INTO SecurityMapping (user_id, allowed_region) VALUES (18, 'North');
INSERT INTO SecurityMapping (user_id, allowed_region) VALUES (19, 'East');
INSERT INTO SecurityMapping (user_id, allowed_region) VALUES (20, 'South');
INSERT INTO SecurityMapping (user_id, allowed_region) VALUES (21, 'West');
INSERT INTO SecurityMapping (user_id, allowed_region) VALUES (22, 'North');
INSERT INTO SecurityMapping (user_id, allowed_region) VALUES (23, 'West');
INSERT INTO SecurityMapping (user_id, allowed_region) VALUES (24, 'South');
INSERT INTO SecurityMapping (user_id, allowed_region) VALUES (25, 'South');
INSERT INTO SecurityMapping (user_id, allowed_region) VALUES (26, 'South');
INSERT INTO SecurityMapping (user_id, allowed_region) VALUES (27, 'North');
INSERT INTO SecurityMapping (user_id, allowed_region) VALUES (28, 'South');
INSERT INTO SecurityMapping (user_id, allowed_region) VALUES (29, 'North');
INSERT INTO SecurityMapping (user_id, allowed_region) VALUES (30, 'South');